ID CIP2,CIP2,ID CIP4,CIP4,ID CIP6,CIP6,ID Year,Year,ID Nation,Nation,ID State,State,ID Degree,Degree,Completions,Slug CIP6,Geography,ID Geography,Slug Geography
54,History,5401,History,540104,History & Philosophy of Science & Technology,2017,2017,01000US,United States,04000US36,New York,5,Bachelors Degree,9,history-philosophy-of-science-technology,"New York County, NY",05000US36061,new-york-county-ny
45,Social Sciences,4599,Other Social Sciences,459999,Other Social Sciences,2017,2017,01000US,United States,04000US36,New York,5,Bachelors Degree,103,other-social-sciences-6,"New York County, NY",05000US36061,new-york-county-ny
3,Natural Resources & Conservation,301,Natural Resource Conservation & Research,30103,Environmental Studies,2017,2017,01000US,United States,04000US36,New York,5,Bachelors Degree,41,environmental-studies,"New York County, NY",05000US36061,new-york-county-ny
50,Visual & Performing Arts,5001,General Visual & Performaing Arts,500101,General Visual & Performing Arts,2017,2017,01000US,United States,04000US36,New York,5,Bachelors Degree,1,general-visual-performing-arts,"New York County, NY",05000US36061,new-york-county-ny
45,Social Sciences,4513,Sociology & Anthropology,451301,Sociology & Anthropology,2017,2017,01000US,United States,04000US36,New York,5,Bachelors Degree,7,sociology-anthropology-6,"New York County, NY",05000US36061,new-york-county-ny
3,Natural Resources & Conservation,301,Natural Resource Conservation & Research,30104,Environmental Science,2017,2017,01000US,United States,04000US36,New York,5,Bachelors Degree,26,environmental-science,"New York County, NY",05000US36061,new-york-county-ny
54,History,5401,History,540101,General History,2017,2017,01000US,United States,04000US36,New York,5,Bachelors Degree,350,general-history,"New York County, NY",05000US36061,new-york-county-ny
45,Social Sciences,4512,Urban Affairs,451201,Urban Studies,2017,2017,01000US,United States,04000US36,New York,5,Bachelors Degree,119,urban-studies,"New York County, NY",05000US36061,new-york-county-ny
4,Architecture and Related Services,402,Architecture,40201,Architecture,2017,2017,01000US,United States,04000US36,New York,5,Bachelors Degree,100,architecture-6,"New York County, NY",05000US36061,new-york-county-ny
50,Visual & Performing Arts,5003,Dance,500301,General Dance,2017,2017,01000US,United States,04000US36,New York,5,Bachelors Degree,123,general-dance,"New York County, NY",05000US36061,new-york-county-ny
4,Architecture and Related Services,403,Urban Planning,40301,"Urban, Community, & Regional Planning",2017,2017,01000US,United States,04000US36,New York,5,Bachelors Degree,3,urban-community-regional-planning,"New York County, NY",05000US36061,new-york-county-ny
45,Social Sciences,4511,Sociology,451101,Sociology,2017,2017,01000US,United States,04000US36,New York,5,Bachelors Degree,462,sociology-6,"New York County, NY",05000US36061,new-york-county-ny
45,Social Sciences,4510,Political Science & Government,451001,General Political Science & Government,2017,2017,01000US,United States,04000US36,New York,5,Bachelors Degree,914,general-political-science-government,"New York County, NY",05000US36061,new-york-county-ny
4,Architecture and Related Services,406,Landscape Architecture,40601,Landscape Architecture,2017,2017,01000US,United States,04000US36,New York,5,Bachelors Degree,0,landscape-architecture-6,"New York County, NY",05000US36061,new-york-county-ny
52,Business,5299,"Other Business, Management, Marketing, & Related Services",529999,"Other Business, Management, Marketing, & Related Support Services",2017,2017,01000US,United States,04000US36,New York,5,Bachelors Degree,94,other-business-management-marketing-related-support-services,"New York County, NY",05000US36061,new-york-county-ny
50,Visual & Performing Arts,5003,Dance,500302,Ballet,2017,2017,01000US,United States,04000US36,New York,5,Bachelors Degree,12,ballet,"New York County, NY",05000US36061,new-york-county-ny
45,Social Sciences,4509,International Relations & National Security Studies,450901,International Relations & Affairs,2017,2017,01000US,United States,04000US36,New York,5,Bachelors Degree,91,international-relations-affairs,"New York County, NY",05000US36061,new-york-county-ny
4,Architecture and Related Services,408,Architectural History & Criticism,40801,General Architectural History & Criticism,2017,2017,01000US,United States,04000US36,New York,5,Bachelors Degree,0,general-architectural-history-criticism,"New York County, NY",05000US36061,new-york-county-ny
52,Business,5219,"Specialized Sales, Merchandising, & Marketing Operations",521999,"Other Specialized Merchandising, Sales, & Marketing Operations",2017,2017,01000US,United States,04000US36,New York,5,Bachelors Degree,37,other-specialized-merchandising-sales-marketing-operations,"New York County, NY",05000US36061,new-york-county-ny
45,Social Sciences,4507,Geography & Cartography,450701,Geography,2017,2017,01000US,United States,04000US36,New York,5,Bachelors Degree,15,geography,"New York County, NY",05000US36061,new-york-county-ny
50,Visual & Performing Arts,5003,Dance,500399,Other Dance,2017,2017,01000US,United States,04000US36,New York,5,Bachelors Degree,20,other-dance,"New York County, NY",05000US36061,new-york-county-ny
4,Architecture and Related Services,499,Other Architecture Studies,49999,Other Architecture & Related Services,2017,2017,01000US,United States,04000US36,New York,5,Bachelors Degree,26,other-architecture-related-services,"New York County, NY",05000US36061,new-york-county-ny
45,Social Sciences,4506,Economics,450699,Other Economics,2017,2017,01000US,United States,04000US36,New York,5,Bachelors Degree,5,other-economics,"New York County, NY",05000US36061,new-york-county-ny
5,Cultural & Gender Studies,501,Area Studies,50101,African Studies,2017,2017,01000US,United States,04000US36,New York,5,Bachelors Degree,10,african-studies,"New York County, NY",05000US36061,new-york-county-ny
52,Business,5219,"Specialized Sales, Merchandising, & Marketing Operations",521909,Special Products Marketing Operations,2017,2017,01000US,United States,04000US36,New York,5,Bachelors Degree,22,special-products-marketing-operations,"New York County, NY",05000US36061,new-york-county-ny
45,Social Sciences,4506,Economics,450604,Developmental Economics & International Development,2017,2017,01000US,United States,04000US36,New York,5,Bachelors Degree,0,developmental-economics-international-development,"New York County, NY",05000US36061,new-york-county-ny
50,Visual & Performing Arts,5004,Design & Applied Arts,500401,General Design & Visual Communications,2017,2017,01000US,United States,04000US36,New York,5,Bachelors Degree,41,general-design-visual-communications,"New York County, NY",05000US36061,new-york-county-ny
5,Cultural & Gender Studies,501,Area Studies,50102,American & U.S. Studies,2017,2017,01000US,United States,04000US36,New York,5,Bachelors Degree,42,american-us-studies,"New York County, NY",05000US36061,new-york-county-ny
45,Social Sciences,4506,Economics,450603,Econometrics & Quantitative Economics,2017,2017,01000US,United States,04000US36,New York,5,Bachelors Degree,480,econometrics-quantitative-economics,"New York County, NY",05000US36061,new-york-county-ny
5,Cultural & Gender Studies,501,Area Studies,50103,Asian Studies,2017,2017,01000US,United States,04000US36,New York,5,Bachelors Degree,19,asian-studies,"New York County, NY",05000US36061,new-york-county-ny
52,Business,5219,"Specialized Sales, Merchandising, & Marketing Operations",521902,Fashion Merchandising,2017,2017,01000US,United States,04000US36,New York,5,Bachelors Degree,757,fashion-merchandising,"New York County, NY",05000US36061,new-york-county-ny
45,Social Sciences,4506,Economics,450601,General Economics,2017,2017,01000US,United States,04000US36,New York,5,Bachelors Degree,787,general-economics,"New York County, NY",05000US36061,new-york-county-ny
45,Social Sciences,4504,Crminology,450401,Criminology,2017,2017,01000US,United States,04000US36,New York,5,Bachelors Degree,249,criminology,"New York County, NY",05000US36061,new-york-county-ny
5,Cultural & Gender Studies,501,Area Studies,50104,East Asian Studies,2017,2017,01000US,United States,04000US36,New York,5,Bachelors Degree,41,east-asian-studies,"New York County, NY",05000US36061,new-york-county-ny
50,Visual & Performing Arts,5004,Design & Applied Arts,500402,Commercial & Advertising Art,2017,2017,01000US,United States,04000US36,New York,5,Bachelors Degree,60,commercial-advertising-art,"New York County, NY",05000US36061,new-york-county-ny
5,Cultural & Gender Studies,501,Area Studies,50106,European Studies,2017,2017,01000US,United States,04000US36,New York,5,Bachelors Degree,4,european-studies,"New York County, NY",05000US36061,new-york-county-ny
52,Business,5218,"General Sales, Merchandising, & Marketing Operations",521801,"General Sales, Distribution, & Marketing Operations",2017,2017,01000US,United States,04000US36,New York,5,Bachelors Degree,372,general-sales-distribution-marketing-operations,"New York County, NY",05000US36061,new-york-county-ny
45,Social Sciences,4503,Archeology,450301,Archeology,2017,2017,01000US,United States,04000US36,New York,5,Bachelors Degree,11,archeology-6,"New York County, NY",05000US36061,new-york-county-ny
45,Social Sciences,4502,Anthropology,450204,Cultural Anthropology,2017,2017,01000US,United States,04000US36,New York,5,Bachelors Degree,2,cultural-anthropology,"New York County, NY",05000US36061,new-york-county-ny
5,Cultural & Gender Studies,501,Area Studies,50107,Latin American Studies,2017,2017,01000US,United States,04000US36,New York,5,Bachelors Degree,14,latin-american-studies,"New York County, NY",05000US36061,new-york-county-ny
45,Social Sciences,4502,Anthropology,450201,Anthropology,2017,2017,01000US,United States,04000US36,New York,5,Bachelors Degree,154,anthropology-6,"New York County, NY",05000US36061,new-york-county-ny
5,Cultural & Gender Studies,501,Area Studies,50108,Near & Middle Eastern Studies,2017,2017,01000US,United States,04000US36,New York,5,Bachelors Degree,16,near-middle-eastern-studies,"New York County, NY",05000US36061,new-york-county-ny
52,Business,5215,Real Estate,521501,Real Estate,2017,2017,01000US,United States,04000US36,New York,5,Bachelors Degree,71,real-estate-6,"New York County, NY",05000US36061,new-york-county-ny
50,Visual & Performing Arts,5004,Design & Applied Arts,500404,Industrial & Product Design,2017,2017,01000US,United States,04000US36,New York,5,Bachelors Degree,90,industrial-product-design,"New York County, NY",05000US36061,new-york-county-ny
45,Social Sciences,4501,General Social Sciences,450101,General Social Sciences,2017,2017,01000US,United States,04000US36,New York,5,Bachelors Degree,139,general-social-sciences-6,"New York County, NY",05000US36061,new-york-county-ny
5,Cultural & Gender Studies,501,Area Studies,50110,Russian Studies,2017,2017,01000US,United States,04000US36,New York,5,Bachelors Degree,2,russian-studies,"New York County, NY",05000US36061,new-york-county-ny
44,Public Administration and Social Service,4499,Other Public Administration & Social Services,449999,Other Public Administration & Social Service Professions,2017,2017,01000US,United States,04000US36,New York,5,Bachelors Degree,11,other-public-administration-social-service-professions,"New York County, NY",05000US36061,new-york-county-ny
5,Cultural & Gender Studies,501,Area Studies,50118,Slavic Studies,2017,2017,01000US,United States,04000US36,New York,5,Bachelors Degree,0,slavic-studies,"New York County, NY",05000US36061,new-york-county-ny
52,Business,5214,Marketing,521499,Other Marketing,2017,2017,01000US,United States,04000US36,New York,5,Bachelors Degree,0,other-marketing,"New York County, NY",05000US36061,new-york-county-ny
50,Visual & Performing Arts,5004,Design & Applied Arts,500406,Commercial Photography,2017,2017,01000US,United States,04000US36,New York,5,Bachelors Degree,33,commercial-photography,"New York County, NY",05000US36061,new-york-county-ny
44,Public Administration and Social Service,4407,Social Work,440701,Social Work,2017,2017,01000US,United States,04000US36,New York,5,Bachelors Degree,36,social-work-6,"New York County, NY",05000US36061,new-york-county-ny
5,Cultural & Gender Studies,501,Area Studies,50122,"Regional Studies (U.S., Canadian, Foreign)",2017,2017,01000US,United States,04000US36,New York,5,Bachelors Degree,0,regional-studies-us-canadian-foreign,"New York County, NY",05000US36061,new-york-county-ny
44,Public Administration and Social Service,4405,Public Work Analysis,440504,International Policy Analysis,2017,2017,01000US,United States,04000US36,New York,5,Bachelors Degree,16,international-policy-analysis,"New York County, NY",05000US36061,new-york-county-ny
5,Cultural & Gender Studies,501,Area Studies,50124,French Studies,2017,2017,01000US,United States,04000US36,New York,5,Bachelors Degree,1,french-studies,"New York County, NY",05000US36061,new-york-county-ny
52,Business,5214,Marketing,521403,International Marketing,2017,2017,01000US,United States,04000US36,New York,5,Bachelors Degree,189,international-marketing,"New York County, NY",05000US36061,new-york-county-ny
44,Public Administration and Social Service,4404,Public Administration,440401,Public Administration,2017,2017,01000US,United States,04000US36,New York,5,Bachelors Degree,150,public-administration-6,"New York County, NY",05000US36061,new-york-county-ny
50,Visual & Performing Arts,5004,Design & Applied Arts,500407,Fashion & Apparel Design,2017,2017,01000US,United States,04000US36,New York,5,Bachelors Degree,558,fashion-apparel-design,"New York County, NY",05000US36061,new-york-county-ny
5,Cultural & Gender Studies,501,Area Studies,50125,German Studies,2017,2017,01000US,United States,04000US36,New York,5,Bachelors Degree,0,german-studies,"New York County, NY",05000US36061,new-york-county-ny
44,Public Administration and Social Service,4402,Community Organization & Advocacy,440201,Community Organization & Advocacy,2017,2017,01000US,United States,04000US36,New York,5,Bachelors Degree,58,community-organization-advocacy-6,"New York County, NY",05000US36061,new-york-county-ny
5,Cultural & Gender Studies,501,Area Studies,50130,Spanish & Iberian Studies,2017,2017,01000US,United States,04000US36,New York,5,Bachelors Degree,0,spanish-iberian-studies,"New York County, NY",05000US36061,new-york-county-ny
52,Business,5214,Marketing,521402,Marketing Research,2017,2017,01000US,United States,04000US36,New York,5,Bachelors Degree,28,marketing-research,"New York County, NY",05000US36061,new-york-county-ny
44,Public Administration and Social Service,4400,General Human Services,440000,General Human Services,2017,2017,01000US,United States,04000US36,New York,5,Bachelors Degree,133,general-human-services-6,"New York County, NY",05000US36061,new-york-county-ny
50,Visual & Performing Arts,5004,Design & Applied Arts,500408,Interior Design,2017,2017,01000US,United States,04000US36,New York,5,Bachelors Degree,123,interior-design,"New York County, NY",05000US36061,new-york-county-ny
5,Cultural & Gender Studies,501,Area Studies,50199,Other Area Studies,2017,2017,01000US,United States,04000US36,New York,5,Bachelors Degree,0,other-area-studies,"New York County, NY",05000US36061,new-york-county-ny
43,Protective Services,4302,Fire Protection,430203,Fire Science & Fire-Fighting,2017,2017,01000US,United States,04000US36,New York,5,Bachelors Degree,16,fire-science-fire-fighting,"New York County, NY",05000US36061,new-york-county-ny
5,Cultural & Gender Studies,502,"Ethnic, Cultural, & Gender Group Studies",50200,Ethnic Studies,2017,2017,01000US,United States,04000US36,New York,5,Bachelors Degree,14,ethnic-studies,"New York County, NY",05000US36061,new-york-county-ny
52,Business,5214,Marketing,521401,General Marketing & Marketing Management,2017,2017,01000US,United States,04000US36,New York,5,Bachelors Degree,167,general-marketing-marketing-management,"New York County, NY",05000US36061,new-york-county-ny
43,Protective Services,4302,Fire Protection,430202,Fire Services Administration,2017,2017,01000US,United States,04000US36,New York,5,Bachelors Degree,31,fire-services-administration,"New York County, NY",05000US36061,new-york-county-ny
50,Visual & Performing Arts,5004,Design & Applied Arts,500409,Graphic Design,2017,2017,01000US,United States,04000US36,New York,5,Bachelors Degree,248,graphic-design,"New York County, NY",05000US36061,new-york-county-ny
5,Cultural & Gender Studies,502,"Ethnic, Cultural, & Gender Group Studies",50201,African-American & Black Studies,2017,2017,01000US,United States,04000US36,New York,5,Bachelors Degree,11,african-american-black-studies,"New York County, NY",05000US36061,new-york-county-ny
43,Protective Services,4301,Criminal Justice & Corrections,430199,Other Corrections & Criminal Justice,2017,2017,01000US,United States,04000US36,New York,5,Bachelors Degree,138,other-corrections-criminal-justice,"New York County, NY",05000US36061,new-york-county-ny
5,Cultural & Gender Studies,502,"Ethnic, Cultural, & Gender Group Studies",50206,Asian-American Studies,2017,2017,01000US,United States,04000US36,New York,5,Bachelors Degree,1,asian-american-studies,"New York County, NY",05000US36061,new-york-county-ny
52,Business,5213,Management Sciences & Quantitative Methods,521399,Other Management Sciences & Quantitative Methods,2017,2017,01000US,United States,04000US36,New York,5,Bachelors Degree,20,other-management-sciences-quantitative-methods,"New York County, NY",05000US36061,new-york-county-ny
43,Protective Services,4301,Criminal Justice & Corrections,430117,Financial Forensics & Fraud Investigation,2017,2017,01000US,United States,04000US36,New York,5,Bachelors Degree,44,financial-forensics-fraud-investigation,"New York County, NY",05000US36061,new-york-county-ny
43,Protective Services,4301,Criminal Justice & Corrections,430112,Securities Services Management,2017,2017,01000US,United States,04000US36,New York,5,Bachelors Degree,38,securities-services-management,"New York County, NY",05000US36061,new-york-county-ny
5,Cultural & Gender Studies,502,"Ethnic, Cultural, & Gender Group Studies",50207,Women's Studies,2017,2017,01000US,United States,04000US36,New York,5,Bachelors Degree,40,womens-studies,"New York County, NY",05000US36061,new-york-county-ny
50,Visual & Performing Arts,5004,Design & Applied Arts,500410,Illustration,2017,2017,01000US,United States,04000US36,New York,5,Bachelors Degree,254,illustration,"New York County, NY",05000US36061,new-york-county-ny
5,Cultural & Gender Studies,502,"Ethnic, Cultural, & Gender Group Studies",50210,Disability Studies,2017,2017,01000US,United States,04000US36,New York,5,Bachelors Degree,9,disability-studies,"New York County, NY",05000US36061,new-york-county-ny
43,Protective Services,4301,Criminal Justice & Corrections,430106,Forensic Science & Technology,2017,2017,01000US,United States,04000US36,New York,5,Bachelors Degree,74,forensic-science-technology,"New York County, NY",05000US36061,new-york-county-ny
5,Cultural & Gender Studies,502,"Ethnic, Cultural, & Gender Group Studies",50299,"Other Ethnic, Minority, Gender, & Group Studies",2017,2017,01000US,United States,04000US36,New York,5,Bachelors Degree,86,other-ethnic-minority-gender-group-studies,"New York County, NY",05000US36061,new-york-county-ny
52,Business,5213,Management Sciences & Quantitative Methods,521304,Actuarial Science,2017,2017,01000US,United States,04000US36,New York,5,Bachelors Degree,72,actuarial-science,"New York County, NY",05000US36061,new-york-county-ny
43,Protective Services,4301,Criminal Justice & Corrections,430103,Criminal Justice - Law Enforcement Administration,2017,2017,01000US,United States,04000US36,New York,5,Bachelors Degree,1454,criminal-justice-law-enforcement-administration,"New York County, NY",05000US36061,new-york-county-ny
9,Communications,901,Communication and Media Studies,90100,General Communication,2017,2017,01000US,United States,04000US36,New York,5,Bachelors Degree,151,general-communication,"New York County, NY",05000US36061,new-york-county-ny
50,Visual & Performing Arts,5004,Design & Applied Arts,500499,Other Design & Applied Arts,2017,2017,01000US,United States,04000US36,New York,5,Bachelors Degree,55,other-design-applied-arts,"New York County, NY",05000US36061,new-york-county-ny
43,Protective Services,4301,Criminal Justice & Corrections,430102,Corrections,2017,2017,01000US,United States,04000US36,New York,5,Bachelors Degree,0,corrections,"New York County, NY",05000US36061,new-york-county-ny
9,Communications,901,Communication and Media Studies,90101,Speech Communication & Rhetoric,2017,2017,01000US,United States,04000US36,New York,5,Bachelors Degree,81,speech-communication-rhetoric,"New York County, NY",05000US36061,new-york-county-ny
52,Business,5213,Management Sciences & Quantitative Methods,521302,Business Statistics,2017,2017,01000US,United States,04000US36,New York,5,Bachelors Degree,95,business-statistics,"New York County, NY",05000US36061,new-york-county-ny
42,Psychology,4228,"Clinical, Counseling, & Applied Psychology",422813,Applied Psychology,2017,2017,01000US,United States,04000US36,New York,5,Bachelors Degree,153,applied-psychology,"New York County, NY",05000US36061,new-york-county-ny
9,Communications,901,Communication and Media Studies,90102,Mass Communication & Media Studies,2017,2017,01000US,United States,04000US36,New York,5,Bachelors Degree,323,mass-communication-media-studies,"New York County, NY",05000US36061,new-york-county-ny
50,Visual & Performing Arts,5005,Theater Arts & Stagecraft,500501,General Drama & Theater Arts,2017,2017,01000US,United States,04000US36,New York,5,Bachelors Degree,486,general-drama-theater-arts,"New York County, NY",05000US36061,new-york-county-ny
42,Psychology,4228,"Clinical, Counseling, & Applied Psychology",422812,Forensic Psychology,2017,2017,01000US,United States,04000US36,New York,5,Bachelors Degree,516,forensic-psychology,"New York County, NY",05000US36061,new-york-county-ny
9,Communications,901,Communication and Media Studies,90199,Other Communication & Media Studies,2017,2017,01000US,United States,04000US36,New York,5,Bachelors Degree,12,other-communication-media-studies,"New York County, NY",05000US36061,new-york-county-ny
52,Business,5213,Management Sciences & Quantitative Methods,521301,Management Science,2017,2017,01000US,United States,04000US36,New York,5,Bachelors Degree,44,management-science,"New York County, NY",05000US36061,new-york-county-ny
50,Visual & Performing Arts,5005,Theater Arts & Stagecraft,500502,Technical Theatre Design & Technology,2017,2017,01000US,United States,04000US36,New York,5,Bachelors Degree,12,technical-theatre-design-technology,"New York County, NY",05000US36061,new-york-county-ny
9,Communications,904,Journalism,90401,Journalism,2017,2017,01000US,United States,04000US36,New York,5,Bachelors Degree,167,journalism-6,"New York County, NY",05000US36061,new-york-county-ny
9,Communications,904,Journalism,90499,Other Journalism,2017,2017,01000US,United States,04000US36,New York,5,Bachelors Degree,0,other-journalism,"New York County, NY",05000US36061,new-york-county-ny
42,Psychology,4228,"Clinical, Counseling, & Applied Psychology",422804,Industrial & Organizational Psychology,2017,2017,01000US,United States,04000US36,New York,5,Bachelors Degree,27,industrial-organizational-psychology,"New York County, NY",05000US36061,new-york-county-ny
52,Business,5212,Management Information Systems & Services,521299,Other Management Information Systems & Services,2017,2017,01000US,United States,04000US36,New York,5,Bachelors Degree,0,other-management-information-systems-services,"New York County, NY",05000US36061,new-york-county-ny
42,Psychology,4228,"Clinical, Counseling, & Applied Psychology",422801,Clinical Psychology,2017,2017,01000US,United States,04000US36,New York,5,Bachelors Degree,17,clinical-psychology,"New York County, NY",05000US36061,new-york-county-ny
42,Psychology,4227,Research & Experimental Psychology,422799,Other Research & Experimental Psychology,2017,2017,01000US,United States,04000US36,New York,5,Bachelors Degree,121,other-research-experimental-psychology,"New York County, NY",05000US36061,new-york-county-ny
9,Communications,907,"Radio, Television, & Digital Communication",90702,Digital Communication & Multimedia,2017,2017,01000US,United States,04000US36,New York,5,Bachelors Degree,298,digital-communication-multimedia,"New York County, NY",05000US36061,new-york-county-ny
9,Communications,907,"Radio, Television, & Digital Communication",90799,"Other Radio, Television, & Digital Communication",2017,2017,01000US,United States,04000US36,New York,5,Bachelors Degree,1,other-radio-television-digital-communication,"New York County, NY",05000US36061,new-york-county-ny
52,Business,5212,Management Information Systems & Services,521201,General Management Information Systems,2017,2017,01000US,United States,04000US36,New York,5,Bachelors Degree,0,general-management-information-systems,"New York County, NY",05000US36061,new-york-county-ny
42,Psychology,4227,Research & Experimental Psychology,422706,Physiological Psychology & Psychobiology,2017,2017,01000US,United States,04000US36,New York,5,Bachelors Degree,10,physiological-psychology-psychobiology,"New York County, NY",05000US36061,new-york-county-ny
9,Communications,909,"Public Relations, Advertising, & Applied Communication",90903,Advertising,2017,2017,01000US,United States,04000US36,New York,5,Bachelors Degree,432,advertising,"New York County, NY",05000US36061,new-york-county-ny
50,Visual & Performing Arts,5005,Theater Arts & Stagecraft,500504,Playwriting & Screenwriting,2017,2017,01000US,United States,04000US36,New York,5,Bachelors Degree,64,playwriting-screenwriting,"New York County, NY",05000US36061,new-york-county-ny
42,Psychology,4227,Research & Experimental Psychology,422705,Personality Psychology,2017,2017,01000US,United States,04000US36,New York,5,Bachelors Degree,1,personality-psychology,"New York County, NY",05000US36061,new-york-county-ny
9,Communications,999,Other Communication Studies,99999,"Other Communication, Journalism, & Related Programs",2017,2017,01000US,United States,04000US36,New York,5,Bachelors Degree,2,other-communication-journalism-related-programs,"New York County, NY",05000US36061,new-york-county-ny
52,Business,5211,International Business,521101,"International Business, Trade, & Commerce",2017,2017,01000US,United States,04000US36,New York,5,Bachelors Degree,130,international-business-trade-commerce,"New York County, NY",05000US36061,new-york-county-ny
42,Psychology,4201,General Psychology,420101,General Psychology,2017,2017,01000US,United States,04000US36,New York,5,Bachelors Degree,2239,general-psychology-6,"New York County, NY",05000US36061,new-york-county-ny
41,Science Technologies,4199,Other Science Technologies,419999,Other Science Technologies,2017,2017,01000US,United States,04000US36,New York,5,Bachelors Degree,0,other-science-technologies-6,"New York County, NY",05000US36061,new-york-county-ny
10,Communication Technologies,1003,Graphic Communications,100303,Prepress Publising & Digital Imaging Design,2017,2017,01000US,United States,04000US36,New York,5,Bachelors Degree,0,prepress-publising-digital-imaging-design,"New York County, NY",05000US36061,new-york-county-ny
40,Physical Sciences,4099,Other Physical Sciences,409999,Other Physical Sciences,2017,2017,01000US,United States,04000US36,New York,5,Bachelors Degree,5,other-physical-sciences-6,"New York County, NY",05000US36061,new-york-county-ny
10,Communication Technologies,1003,Graphic Communications,100304,"Animation, Interactive Technology, Video Graphics, & Special Effects",2017,2017,01000US,United States,04000US36,New York,5,Bachelors Degree,87,animation-interactive-technology-video-graphics-special-effects,"New York County, NY",05000US36061,new-york-county-ny
52,Business,5210,Human Resource Management & Services,521003,Organizational Behavior Studies,2017,2017,01000US,United States,04000US36,New York,5,Bachelors Degree,0,organizational-behavior-studies,"New York County, NY",05000US36061,new-york-county-ny
50,Visual & Performing Arts,5005,Theater Arts & Stagecraft,500506,Acting,2017,2017,01000US,United States,04000US36,New York,5,Bachelors Degree,158,acting,"New York County, NY",05000US36061,new-york-county-ny
40,Physical Sciences,4010,Materials Sciences,401001,Materials Science,2017,2017,01000US,United States,04000US36,New York,5,Bachelors Degree,4,materials-science,"New York County, NY",05000US36061,new-york-county-ny
11,Computer and Information Sciences and Support Services,1101,General Computer & Information Sciences,110101,General Computer & Information Sciences,2017,2017,01000US,United States,04000US36,New York,5,Bachelors Degree,270,general-computer-information-sciences-6,"New York County, NY",05000US36061,new-york-county-ny
40,Physical Sciences,4008,Physics,400809,Acoustics,2017,2017,01000US,United States,04000US36,New York,5,Bachelors Degree,3,acoustics,"New York County, NY",05000US36061,new-york-county-ny
11,Computer and Information Sciences and Support Services,1101,General Computer & Information Sciences,110103,Information Technology,2017,2017,01000US,United States,04000US36,New York,5,Bachelors Degree,38,information-technology,"New York County, NY",05000US36061,new-york-county-ny
11,Computer and Information Sciences and Support Services,1101,General Computer & Information Sciences,110199,Other Computer & Information Sciences,2017,2017,01000US,United States,04000US36,New York,5,Bachelors Degree,7,other-computer-information-sciences,"New York County, NY",05000US36061,new-york-county-ny
52,Business,5210,Human Resource Management & Services,521002,Labor & Industrial Relations,2017,2017,01000US,United States,04000US36,New York,5,Bachelors Degree,0,labor-industrial-relations,"New York County, NY",05000US36061,new-york-county-ny
40,Physical Sciences,4008,Physics,400801,General Physics,2017,2017,01000US,United States,04000US36,New York,5,Bachelors Degree,92,general-physics,"New York County, NY",05000US36061,new-york-county-ny
50,Visual & Performing Arts,5005,Theater Arts & Stagecraft,500507,Directing & Theatrical Production,2017,2017,01000US,United States,04000US36,New York,5,Bachelors Degree,17,directing-theatrical-production,"New York County, NY",05000US36061,new-york-county-ny
11,Computer and Information Sciences and Support Services,1104,Information Sciences,110401,Information Science,2017,2017,01000US,United States,04000US36,New York,5,Bachelors Degree,221,information-science,"New York County, NY",05000US36061,new-york-county-ny
40,Physical Sciences,4006,Geological & Earth Sciences,400607,Chemical & Physical Oceanography,2017,2017,01000US,United States,04000US36,New York,5,Bachelors Degree,0,chemical-physical-oceanography,"New York County, NY",05000US36061,new-york-county-ny
11,Computer and Information Sciences and Support Services,1105,Computer Systems Analysis,110501,Computer Systems Analysis,2017,2017,01000US,United States,04000US36,New York,5,Bachelors Degree,30,computer-systems-analysis-6,"New York County, NY",05000US36061,new-york-county-ny
52,Business,5210,Human Resource Management & Services,521001,General Human Resources Management & Personnel Administration,2017,2017,01000US,United States,04000US36,New York,5,Bachelors Degree,21,general-human-resources-management-personnel-administration,"New York County, NY",05000US36061,new-york-county-ny
40,Physical Sciences,4006,Geological & Earth Sciences,400601,General Geology & Earch Science,2017,2017,01000US,United States,04000US36,New York,5,Bachelors Degree,39,general-geology-earch-science,"New York County, NY",05000US36061,new-york-county-ny
40,Physical Sciences,4005,Chemistry,400508,Chemical Physics,2017,2017,01000US,United States,04000US36,New York,5,Bachelors Degree,1,chemical-physics,"New York County, NY",05000US36061,new-york-county-ny
11,Computer and Information Sciences and Support Services,1107,Computer Science,110701,Computer Science,2017,2017,01000US,United States,04000US36,New York,5,Bachelors Degree,416,computer-science-6,"New York County, NY",05000US36061,new-york-county-ny
50,Visual & Performing Arts,5005,Theater Arts & Stagecraft,500509,Musical Theatre,2017,2017,01000US,United States,04000US36,New York,5,Bachelors Degree,50,musical-theatre,"New York County, NY",05000US36061,new-york-county-ny
11,Computer and Information Sciences and Support Services,1108,Computer Software & Media Applications,110801,"Web Page, Digital, & Information Resource Design",2017,2017,01000US,United States,04000US36,New York,5,Bachelors Degree,151,web-page-digital-information-resource-design,"New York County, NY",05000US36061,new-york-county-ny
40,Physical Sciences,4005,Chemistry,400501,General Chemistry,2017,2017,01000US,United States,04000US36,New York,5,Bachelors Degree,256,general-chemistry,"New York County, NY",05000US36061,new-york-county-ny
11,Computer and Information Sciences and Support Services,1108,Computer Software & Media Applications,110803,Computer Graphics,2017,2017,01000US,United States,04000US36,New York,5,Bachelors Degree,70,computer-graphics,"New York County, NY",05000US36061,new-york-county-ny
52,Business,5209,Hospitality Management,520904,Hotel Administration & Management,2017,2017,01000US,United States,04000US36,New York,5,Bachelors Degree,79,hotel-administration-management,"New York County, NY",05000US36061,new-york-county-ny
40,Physical Sciences,4004,Atmospheric Sciences & Meteorology,400404,Meteorology,2017,2017,01000US,United States,04000US36,New York,5,Bachelors Degree,0,meteorology,"New York County, NY",05000US36061,new-york-county-ny
40,Physical Sciences,4004,Atmospheric Sciences & Meteorology,400401,General Atmospheric Sciences & Meteorology,2017,2017,01000US,United States,04000US36,New York,5,Bachelors Degree,0,general-atmospheric-sciences-meteorology,"New York County, NY",05000US36061,new-york-county-ny
11,Computer and Information Sciences and Support Services,1108,Computer Software & Media Applications,110899,Other Computer Software & Media Applications,2017,2017,01000US,United States,04000US36,New York,5,Bachelors Degree,13,other-computer-software-media-applications,"New York County, NY",05000US36061,new-york-county-ny
40,Physical Sciences,4002,Astronomy & Astrophysics,400202,Astrophysics,2017,2017,01000US,United States,04000US36,New York,5,Bachelors Degree,8,astrophysics,"New York County, NY",05000US36061,new-york-county-ny
11,Computer and Information Sciences and Support Services,1109,Networking & Telecommunication Systems,110901,Computer Systems Networking & Telecommunications,2017,2017,01000US,United States,04000US36,New York,5,Bachelors Degree,37,computer-systems-networking-telecommunications,"New York County, NY",05000US36061,new-york-county-ny
50,Visual & Performing Arts,5005,Theater Arts & Stagecraft,500599,Other Dramatic Arts & Stagecraft,2017,2017,01000US,United States,04000US36,New York,5,Bachelors Degree,204,other-dramatic-arts-stagecraft,"New York County, NY",05000US36061,new-york-county-ny
11,Computer and Information Sciences and Support Services,1110,Computer Technology Administration & Management,111001,Network & System Administration,2017,2017,01000US,United States,04000US36,New York,5,Bachelors Degree,13,network-system-administration,"New York County, NY",05000US36061,new-york-county-ny
40,Physical Sciences,4002,Astronomy & Astrophysics,400201,Astronomy,2017,2017,01000US,United States,04000US36,New York,5,Bachelors Degree,2,astronomy,"New York County, NY",05000US36061,new-york-county-ny
11,Computer and Information Sciences and Support Services,1110,Computer Technology Administration & Management,111003,Computer & Information Systems Security,2017,2017,01000US,United States,04000US36,New York,5,Bachelors Degree,56,computer-information-systems-security,"New York County, NY",05000US36061,new-york-county-ny
52,Business,5208,Financial Management Services,520807,Investments & Securities,2017,2017,01000US,United States,04000US36,New York,5,Bachelors Degree,0,investments-securities,"New York County, NY",05000US36061,new-york-county-ny
40,Physical Sciences,4001,Physical Sciences,400101,Physical Sciences,2017,2017,01000US,United States,04000US36,New York,5,Bachelors Degree,62,physical-sciences-6,"New York County, NY",05000US36061,new-york-county-ny
11,Computer and Information Sciences and Support Services,1110,Computer Technology Administration & Management,111005,Information Technology Project Management,2017,2017,01000US,United States,04000US36,New York,5,Bachelors Degree,31,information-technology-project-management,"New York County, NY",05000US36061,new-york-county-ny
50,Visual & Performing Arts,5006,Video & Photographic Arts,500601,"Film, Cinema, & Video Studies",2017,2017,01000US,United States,04000US36,New York,5,Bachelors Degree,106,film-cinema-video-studies,"New York County, NY",05000US36061,new-york-county-ny
11,Computer and Information Sciences and Support Services,1110,Computer Technology Administration & Management,111099,Other Computer & Information Technology Services Management,2017,2017,01000US,United States,04000US36,New York,5,Bachelors Degree,21,other-computer-information-technology-services-management,"New York County, NY",05000US36061,new-york-county-ny
52,Business,5208,Financial Management Services,520804,Financial Planning & Services,2017,2017,01000US,United States,04000US36,New York,5,Bachelors Degree,17,financial-planning-services,"New York County, NY",05000US36061,new-york-county-ny
39,Theology,3906,Theological & Ministerial Studies,390606,Talmudic Studies,2017,2017,01000US,United States,04000US36,New York,5,Bachelors Degree,3,talmudic-studies,"New York County, NY",05000US36061,new-york-county-ny
39,Theology,3905,Religious & Sacred Music,390501,Religious & Sacred Music,2017,2017,01000US,United States,04000US36,New York,5,Bachelors Degree,0,religious-sacred-music-6,"New York County, NY",05000US36061,new-york-county-ny
11,Computer and Information Sciences and Support Services,1199,Other Computer Service Studies,119999,Other Computer & Information Support Services,2017,2017,01000US,United States,04000US36,New York,5,Bachelors Degree,0,other-computer-information-support-services,"New York County, NY",05000US36061,new-york-county-ny
50,Visual & Performing Arts,5006,Video & Photographic Arts,500602,Cinematography & Film Production,2017,2017,01000US,United States,04000US36,New York,5,Bachelors Degree,383,cinematography-film-production,"New York County, NY",05000US36061,new-york-county-ny
13,Education,1301,General Education,130101,General Education,2017,2017,01000US,United States,04000US36,New York,5,Bachelors Degree,11,general-education-6,"New York County, NY",05000US36061,new-york-county-ny
52,Business,5208,Financial Management Services,520801,General Finance,2017,2017,01000US,United States,04000US36,New York,5,Bachelors Degree,1095,general-finance,"New York County, NY",05000US36061,new-york-county-ny
38,Philosophy and Religious Studies,3899,Other Philosophy & Religious Studies,389999,Other Philosophy & Religious Studies,2017,2017,01000US,United States,04000US36,New York,5,Bachelors Degree,15,other-philosophy-religious-studies-6,"New York County, NY",05000US36061,new-york-county-ny
38,Philosophy and Religious Studies,3802,Religious Studies,380206,Judaic Studies,2017,2017,01000US,United States,04000US36,New York,5,Bachelors Degree,62,judaic-studies,"New York County, NY",05000US36061,new-york-county-ny
13,Education,1302,Multilingual & Multicultural Education,130201,Bilingual & Multilingual Education,2017,2017,01000US,United States,04000US36,New York,5,Bachelors Degree,22,bilingual-multilingual-education,"New York County, NY",05000US36061,new-york-county-ny
50,Visual & Performing Arts,5006,Video & Photographic Arts,500605,Photography,2017,2017,01000US,United States,04000US36,New York,5,Bachelors Degree,209,photography,"New York County, NY",05000US36061,new-york-county-ny
13,Education,1309,Social & Philisophical Foundations of Education,130901,Social & Philosophical Foundations of Education,2017,2017,01000US,United States,04000US36,New York,5,Bachelors Degree,0,social-philosophical-foundations-of-education,"New York County, NY",05000US36061,new-york-county-ny
52,Business,5207,Entrepreneurial & Small Business Operations,520799,Other Small Business & Entrepreneurial Operations,2017,2017,01000US,United States,04000US36,New York,5,Bachelors Degree,22,other-small-business-entrepreneurial-operations,"New York County, NY",05000US36061,new-york-county-ny
38,Philosophy and Religious Studies,3802,Religious Studies,380201,Religious Studies,2017,2017,01000US,United States,04000US36,New York,5,Bachelors Degree,39,religious-studies-6,"New York County, NY",05000US36061,new-york-county-ny
38,Philosophy and Religious Studies,3801,Philosophy,380101,Philosophy,2017,2017,01000US,United States,04000US36,New York,5,Bachelors Degree,199,philosophy-6,"New York County, NY",05000US36061,new-york-county-ny
13,Education,1310,Special Education,131001,General Special Education & Teaching,2017,2017,01000US,United States,04000US36,New York,5,Bachelors Degree,11,general-special-education-teaching,"New York County, NY",05000US36061,new-york-county-ny
52,Business,5207,Entrepreneurial & Small Business Operations,520701,Entrepreneurial Studies,2017,2017,01000US,United States,04000US36,New York,5,Bachelors Degree,117,entrepreneurial-studies,"New York County, NY",05000US36061,new-york-county-ny
50,Visual & Performing Arts,5006,Video & Photographic Arts,500699,Other Film & Photographic Arts,2017,2017,01000US,United States,04000US36,New York,5,Bachelors Degree,78,other-film-photographic-arts,"New York County, NY",05000US36061,new-york-county-ny
13,Education,1310,Special Education,131012,Education of Individuals with Speech or Language Impairments,2017,2017,01000US,United States,04000US36,New York,5,Bachelors Degree,0,education-of-individuals-with-speech-or-language-impairments,"New York County, NY",05000US36061,new-york-county-ny
38,Philosophy and Religious Studies,3800,General Philosophy & Religious Studies,380001,General Philosophy & Religious Studies,2017,2017,01000US,United States,04000US36,New York,5,Bachelors Degree,9,general-philosophy-religious-studies-6,"New York County, NY",05000US36061,new-york-county-ny
31,"Parks, Recreation, & Leisure",3105,Health & Physical Education,310504,Sport & Fitness Management,2017,2017,01000US,United States,04000US36,New York,5,Bachelors Degree,21,sport-fitness-management,"New York County, NY",05000US36061,new-york-county-ny
13,Education,1310,Special Education,131015,Education of Individuals in Early Childhood Special Education Programs,2017,2017,01000US,United States,04000US36,New York,5,Bachelors Degree,2,education-of-individuals-in-early-childhood-special-education-programs,"New York County, NY",05000US36061,new-york-county-ny
31,"Parks, Recreation, & Leisure",3103,"Parks, Recreation, & Leisure Facilities Management",310301,"General Parks, Recreation, & Leisure Facilities Management",2017,2017,01000US,United States,04000US36,New York,5,Bachelors Degree,0,general-parks-recreation-leisure-facilities-management,"New York County, NY",05000US36061,new-york-county-ny
13,Education,1310,Special Education,131017,Education of Individuals in Elementary Special Education Programs,2017,2017,01000US,United States,04000US36,New York,5,Bachelors Degree,2,education-of-individuals-in-elementary-special-education-programs,"New York County, NY",05000US36061,new-york-county-ny
52,Business,5206,Managerial Economics,520601,Business & Managerial Economics,2017,2017,01000US,United States,04000US36,New York,5,Bachelors Degree,85,business-managerial-economics,"New York County, NY",05000US36061,new-york-county-ny
50,Visual & Performing Arts,5007,Fine & Studio Arts,500701,General Art Studies,2017,2017,01000US,United States,04000US36,New York,5,Bachelors Degree,16,general-art-studies,"New York County, NY",05000US36061,new-york-county-ny
13,Education,1312,Teacher Education at Specific Levels & Methods,131202,Elementary Education & Teaching,2017,2017,01000US,United States,04000US36,New York,5,Bachelors Degree,211,elementary-education-teaching,"New York County, NY",05000US36061,new-york-county-ny
30,Interdisciplinary Studies,3099,Other Interdisciplinary Studies,309999,Other Multidisciplinary Studies,2017,2017,01000US,United States,04000US36,New York,5,Bachelors Degree,47,other-multidisciplinary-studies,"New York County, NY",05000US36061,new-york-county-ny
52,Business,5205,Business Communications,520501,Business & Corporate Communications,2017,2017,01000US,United States,04000US36,New York,5,Bachelors Degree,322,business-corporate-communications,"New York County, NY",05000US36061,new-york-county-ny
30,Interdisciplinary Studies,3033,Sustainability Studies,303301,Sustainability Studies,2017,2017,01000US,United States,04000US36,New York,5,Bachelors Degree,44,sustainability-studies-6,"New York County, NY",05000US36061,new-york-county-ny
13,Education,1312,Teacher Education at Specific Levels & Methods,131210,Early Childhood Education & Teaching,2017,2017,01000US,United States,04000US36,New York,5,Bachelors Degree,37,early-childhood-education-teaching,"New York County, NY",05000US36061,new-york-county-ny
30,Interdisciplinary Studies,3027,Human Biology,302701,Human Biology,2017,2017,01000US,United States,04000US36,New York,5,Bachelors Degree,12,human-biology-6,"New York County, NY",05000US36061,new-york-county-ny
30,Interdisciplinary Studies,3022,Classical & Ancient Studies,302201,Ancient Civilization Studies,2017,2017,01000US,United States,04000US36,New York,5,Bachelors Degree,0,ancient-civilization-studies,"New York County, NY",05000US36061,new-york-county-ny
13,Education,1313,Teacher Education for Specific Subject Areas,131302,Art Teacher Education,2017,2017,01000US,United States,04000US36,New York,5,Bachelors Degree,0,art-teacher-education,"New York County, NY",05000US36061,new-york-county-ny
13,Education,1313,Teacher Education for Specific Subject Areas,131303,Business Teacher Education,2017,2017,01000US,United States,04000US36,New York,5,Bachelors Degree,0,business-teacher-education,"New York County, NY",05000US36061,new-york-county-ny
52,Business,5204,Business Operations Support Services,520401,General Administrative Assistant & Secretarial Science,2017,2017,01000US,United States,04000US36,New York,5,Bachelors Degree,0,general-administrative-assistant-secretarial-science,"New York County, NY",05000US36061,new-york-county-ny
52,Business,5203,Accounting,520301,Accounting,2017,2017,01000US,United States,04000US36,New York,5,Bachelors Degree,1049,accounting-6,"New York County, NY",05000US36061,new-york-county-ny
50,Visual & Performing Arts,5007,Fine & Studio Arts,500702,General Fine Studio Arts,2017,2017,01000US,United States,04000US36,New York,5,Bachelors Degree,457,general-fine-studio-arts,"New York County, NY",05000US36061,new-york-county-ny
13,Education,1313,Teacher Education for Specific Subject Areas,131305,English & Language Arts Teacher Education,2017,2017,01000US,United States,04000US36,New York,5,Bachelors Degree,19,english-language-arts-teacher-education,"New York County, NY",05000US36061,new-york-county-ny
30,Interdisciplinary Studies,3020,International Studies,302001,International & Global Studies,2017,2017,01000US,United States,04000US36,New York,5,Bachelors Degree,32,international-global-studies,"New York County, NY",05000US36061,new-york-county-ny
30,Interdisciplinary Studies,3019,Nutrition Sciences,301901,Nutrition Sciences,2017,2017,01000US,United States,04000US36,New York,5,Bachelors Degree,47,nutrition-sciences-6,"New York County, NY",05000US36061,new-york-county-ny
13,Education,1313,Teacher Education for Specific Subject Areas,131306,Foreign Language Teacher Education,2017,2017,01000US,United States,04000US36,New York,5,Bachelors Degree,1,foreign-language-teacher-education,"New York County, NY",05000US36061,new-york-county-ny
30,Interdisciplinary Studies,3013,Medieval & Renaissance Studies,301301,Medieval & Renaissance Studies,2017,2017,01000US,United States,04000US36,New York,5,Bachelors Degree,1,medieval-renaissance-studies-6,"New York County, NY",05000US36061,new-york-county-ny
13,Education,1313,Teacher Education for Specific Subject Areas,131307,Health Teacher Education,2017,2017,01000US,United States,04000US36,New York,5,Bachelors Degree,0,health-teacher-education,"New York County, NY",05000US36061,new-york-county-ny
13,Education,1313,Teacher Education for Specific Subject Areas,131308,Family & Consumer Sciences Teacher Education,2017,2017,01000US,United States,04000US36,New York,5,Bachelors Degree,0,family-consumer-sciences-teacher-education,"New York County, NY",05000US36061,new-york-county-ny
13,Education,1313,Teacher Education for Specific Subject Areas,131309,Technology & Industrial Arts Teacher Education,2017,2017,01000US,United States,04000US36,New York,5,Bachelors Degree,0,technology-industrial-arts-teacher-education,"New York County, NY",05000US36061,new-york-county-ny
52,Business,5202,"Business Administration, Management, & Operations",520299,"Other Business Administration, Management, & Operations",2017,2017,01000US,United States,04000US36,New York,5,Bachelors Degree,73,other-business-administration-management-operations,"New York County, NY",05000US36061,new-york-county-ny
30,Interdisciplinary Studies,3012,Historic Preservation & Conservation,301299,Other Historic Preservation & Conservation,2017,2017,01000US,United States,04000US36,New York,5,Bachelors Degree,0,other-historic-preservation-conservation,"New York County, NY",05000US36061,new-york-county-ny
13,Education,1313,Teacher Education for Specific Subject Areas,131311,Mathematics Teacher Education,2017,2017,01000US,United States,04000US36,New York,5,Bachelors Degree,13,mathematics-teacher-education,"New York County, NY",05000US36061,new-york-county-ny
50,Visual & Performing Arts,5007,Fine & Studio Arts,500703,"Art History, Criticism, & Conservation",2017,2017,01000US,United States,04000US36,New York,5,Bachelors Degree,194,art-history-criticism-conservation,"New York County, NY",05000US36061,new-york-county-ny
30,Interdisciplinary Studies,3008,Mathematics & Computer Science,300801,Mathematics & Computer Science,2017,2017,01000US,United States,04000US36,New York,5,Bachelors Degree,5,mathematics-computer-science-6,"New York County, NY",05000US36061,new-york-county-ny
13,Education,1313,Teacher Education for Specific Subject Areas,131312,Music Teacher Education,2017,2017,01000US,United States,04000US36,New York,5,Bachelors Degree,12,music-teacher-education,"New York County, NY",05000US36061,new-york-county-ny
13,Education,1313,Teacher Education for Specific Subject Areas,131314,Physical Education Teaching & Coaching,2017,2017,01000US,United States,04000US36,New York,5,Bachelors Degree,0,physical-education-teaching-coaching,"New York County, NY",05000US36061,new-york-county-ny
52,Business,5202,"Business Administration, Management, & Operations",520213,Organizational Leadership,2017,2017,01000US,United States,04000US36,New York,5,Bachelors Degree,7,organizational-leadership,"New York County, NY",05000US36061,new-york-county-ny
30,Interdisciplinary Studies,3005,Peace Studies & Conflict Resolution,300501,Peace Studies & Conflict Resolution,2017,2017,01000US,United States,04000US36,New York,5,Bachelors Degree,2,peace-studies-conflict-resolution-6,"New York County, NY",05000US36061,new-york-county-ny
13,Education,1313,Teacher Education for Specific Subject Areas,131316,General Science Teacher Education,2017,2017,01000US,United States,04000US36,New York,5,Bachelors Degree,1,general-science-teacher-education,"New York County, NY",05000US36061,new-york-county-ny
30,Interdisciplinary Studies,3001,Biological & Physical Sciences,300101,Biological & Physical Sciences,2017,2017,01000US,United States,04000US36,New York,5,Bachelors Degree,75,biological-physical-sciences-6,"New York County, NY",05000US36061,new-york-county-ny
50,Visual & Performing Arts,5009,Music,500901,General Music,2017,2017,01000US,United States,04000US36,New York,5,Bachelors Degree,95,general-music,"New York County, NY",05000US36061,new-york-county-ny
13,Education,1313,Teacher Education for Specific Subject Areas,131318,Social Studies Teacher Education,2017,2017,01000US,United States,04000US36,New York,5,Bachelors Degree,19,social-studies-teacher-education,"New York County, NY",05000US36061,new-york-county-ny
13,Education,1313,Teacher Education for Specific Subject Areas,131320,Trade & Industrial Teacher Education,2017,2017,01000US,United States,04000US36,New York,5,Bachelors Degree,0,trade-industrial-teacher-education,"New York County, NY",05000US36061,new-york-county-ny
52,Business,5202,"Business Administration, Management, & Operations",520206,"Non-Profit, Public, & Organizational Management",2017,2017,01000US,United States,04000US36,New York,5,Bachelors Degree,9,non-profit-public-organizational-management,"New York County, NY",05000US36061,new-york-county-ny
30,Interdisciplinary Studies,3000,General Interdisciplinary Studies,300000,General Interdisciplinary Studies,2017,2017,01000US,United States,04000US36,New York,5,Bachelors Degree,205,general-interdisciplinary-studies-6,"New York County, NY",05000US36061,new-york-county-ny
27,Math & Statistics,2799,Other Mathematics Studies,279999,Other Mathematics & Statistics,2017,2017,01000US,United States,04000US36,New York,5,Bachelors Degree,56,other-mathematics-statistics,"New York County, NY",05000US36061,new-york-county-ny
13,Education,1313,Teacher Education for Specific Subject Areas,131322,Biology Teacher Education,2017,2017,01000US,United States,04000US36,New York,5,Bachelors Degree,0,biology-teacher-education,"New York County, NY",05000US36061,new-york-county-ny
27,Math & Statistics,2705,Statistics,270501,General Statistics,2017,2017,01000US,United States,04000US36,New York,5,Bachelors Degree,64,general-statistics,"New York County, NY",05000US36061,new-york-county-ny
13,Education,1313,Teacher Education for Specific Subject Areas,131323,Chemistry Teacher Education,2017,2017,01000US,United States,04000US36,New York,5,Bachelors Degree,0,chemistry-teacher-education,"New York County, NY",05000US36061,new-york-county-ny
52,Business,5202,"Business Administration, Management, & Operations",520201,General Business Administration & Management,2017,2017,01000US,United States,04000US36,New York,5,Bachelors Degree,949,general-business-administration-management,"New York County, NY",05000US36061,new-york-county-ny
50,Visual & Performing Arts,5009,Music,500902,"Music History, Literature, & Theory",2017,2017,01000US,United States,04000US36,New York,5,Bachelors Degree,14,music-history-literature-theory,"New York County, NY",05000US36061,new-york-county-ny
27,Math & Statistics,2703,Applied Mathematics,270399,Other Applied Mathematics,2017,2017,01000US,United States,04000US36,New York,5,Bachelors Degree,0,other-applied-mathematics,"New York County, NY",05000US36061,new-york-county-ny
13,Education,1313,Teacher Education for Specific Subject Areas,131324,Drama & Dance Teacher Education,2017,2017,01000US,United States,04000US36,New York,5,Bachelors Degree,0,drama-dance-teacher-education,"New York County, NY",05000US36061,new-york-county-ny
13,Education,1313,Teacher Education for Specific Subject Areas,131325,French Language Teacher Education,2017,2017,01000US,United States,04000US36,New York,5,Bachelors Degree,0,french-language-teacher-education,"New York County, NY",05000US36061,new-york-county-ny
52,Business,5201,General Business & Commerce,520101,General Business,2017,2017,01000US,United States,04000US36,New York,5,Bachelors Degree,638,general-business,"New York County, NY",05000US36061,new-york-county-ny
27,Math & Statistics,2703,Applied Mathematics,270305,Financial Mathematics,2017,2017,01000US,United States,04000US36,New York,5,Bachelors Degree,3,financial-mathematics,"New York County, NY",05000US36061,new-york-county-ny
13,Education,1313,Teacher Education for Specific Subject Areas,131326,German Language Teacher Education,2017,2017,01000US,United States,04000US36,New York,5,Bachelors Degree,0,german-language-teacher-education,"New York County, NY",05000US36061,new-york-county-ny
27,Math & Statistics,2703,Applied Mathematics,270301,General Applied Mathematics,2017,2017,01000US,United States,04000US36,New York,5,Bachelors Degree,79,general-applied-mathematics,"New York County, NY",05000US36061,new-york-county-ny
50,Visual & Performing Arts,5009,Music,500903,General Music Performance,2017,2017,01000US,United States,04000US36,New York,5,Bachelors Degree,118,general-music-performance,"New York County, NY",05000US36061,new-york-county-ny
13,Education,1313,Teacher Education for Specific Subject Areas,131329,Physics Teacher Education,2017,2017,01000US,United States,04000US36,New York,5,Bachelors Degree,0,physics-teacher-education,"New York County, NY",05000US36061,new-york-county-ny
51,Health,5138,"Registered Nursing, Nursing Administration, & Nursing Research",513899,"Other Registered Nursing, Nursing Administration, Nursing Research, & Clinical Nursing",2017,2017,01000US,United States,04000US36,New York,5,Bachelors Degree,0,other-registered-nursing-nursing-administration-nursing-research-clinical-nursing,"New York County, NY",05000US36061,new-york-county-ny
27,Math & Statistics,2701,Mathematics,270199,Other Mathematics,2017,2017,01000US,United States,04000US36,New York,5,Bachelors Degree,3,other-mathematics,"New York County, NY",05000US36061,new-york-county-ny
13,Education,1313,Teacher Education for Specific Subject Areas,131330,Spanish Language Teacher Education,2017,2017,01000US,United States,04000US36,New York,5,Bachelors Degree,3,spanish-language-teacher-education,"New York County, NY",05000US36061,new-york-county-ny
13,Education,1313,Teacher Education for Specific Subject Areas,131331,Speech Teacher Education,2017,2017,01000US,United States,04000US36,New York,5,Bachelors Degree,0,speech-teacher-education,"New York County, NY",05000US36061,new-york-county-ny
27,Math & Statistics,2701,Mathematics,270101,General Mathematics,2017,2017,01000US,United States,04000US36,New York,5,Bachelors Degree,304,general-mathematics,"New York County, NY",05000US36061,new-york-county-ny
50,Visual & Performing Arts,5009,Music,500904,Music Theory & Composition,2017,2017,01000US,United States,04000US36,New York,5,Bachelors Degree,29,music-theory-composition,"New York County, NY",05000US36061,new-york-county-ny
13,Education,1313,Teacher Education for Specific Subject Areas,131337,Earth Science Teacher Education,2017,2017,01000US,United States,04000US36,New York,5,Bachelors Degree,0,earth-science-teacher-education,"New York County, NY",05000US36061,new-york-county-ny
13,Education,1313,Teacher Education for Specific Subject Areas,131399,Other Teacher Education & Professional Development,2017,2017,01000US,United States,04000US36,New York,5,Bachelors Degree,2,other-teacher-education-professional-development,"New York County, NY",05000US36061,new-york-county-ny
13,Education,1399,Other Education Studies,139999,Other Education,2017,2017,01000US,United States,04000US36,New York,5,Bachelors Degree,2,other-education,"New York County, NY",05000US36061,new-york-county-ny
51,Health,5138,"Registered Nursing, Nursing Administration, & Nursing Research",513818,Nursing Practice,2017,2017,01000US,United States,04000US36,New York,5,Bachelors Degree,0,nursing-practice,"New York County, NY",05000US36061,new-york-county-ny
50,Visual & Performing Arts,5009,Music,500906,Conducting,2017,2017,01000US,United States,04000US36,New York,5,Bachelors Degree,2,conducting,"New York County, NY",05000US36061,new-york-county-ny
26,Biology,2699,Other Biological & Biomedical Science Studies,269999,Other Biological & Biomedical Sciences,2017,2017,01000US,United States,04000US36,New York,5,Bachelors Degree,0,other-biological-biomedical-sciences,"New York County, NY",05000US36061,new-york-county-ny
14,Engineering,1401,General Engineering,140101,General Engineering,2017,2017,01000US,United States,04000US36,New York,5,Bachelors Degree,3,general-engineering-6,"New York County, NY",05000US36061,new-york-county-ny
50,Visual & Performing Arts,5009,Music,500907,Keyboard Instruments,2017,2017,01000US,United States,04000US36,New York,5,Bachelors Degree,37,keyboard-instruments,"New York County, NY",05000US36061,new-york-county-ny
14,Engineering,1401,General Engineering,140102,Pre-Engineering,2017,2017,01000US,United States,04000US36,New York,5,Bachelors Degree,1,pre-engineering,"New York County, NY",05000US36061,new-york-county-ny
51,Health,5138,"Registered Nursing, Nursing Administration, & Nursing Research",513801,Registered Nursing,2017,2017,01000US,United States,04000US36,New York,5,Bachelors Degree,943,registered-nursing,"New York County, NY",05000US36061,new-york-county-ny
26,Biology,2615,Neurobiology & Neurosciences,261501,Neuroscience,2017,2017,01000US,United States,04000US36,New York,5,Bachelors Degree,155,neuroscience,"New York County, NY",05000US36061,new-york-county-ny
26,Biology,2613,"Ecology, Evolution, Systematics, & Population Biology",261310,Ecology & Evolutionary Biology,2017,2017,01000US,United States,04000US36,New York,5,Bachelors Degree,1,ecology-evolutionary-biology,"New York County, NY",05000US36061,new-york-county-ny
14,Engineering,1405,Biomedical Engineering,140501,Bioengineering & Biomedical Engineering,2017,2017,01000US,United States,04000US36,New York,5,Bachelors Degree,87,bioengineering-biomedical-engineering,"New York County, NY",05000US36061,new-york-county-ny
26,Biology,2613,"Ecology, Evolution, Systematics, & Population Biology",261305,Environmental Biology,2017,2017,01000US,United States,04000US36,New York,5,Bachelors Degree,2,environmental-biology,"New York County, NY",05000US36061,new-york-county-ny
14,Engineering,1407,Chemical Engineering,140701,Chemical Engineering,2017,2017,01000US,United States,04000US36,New York,5,Bachelors Degree,161,chemical-engineering-6,"New York County, NY",05000US36061,new-york-county-ny
51,Health,5135,Somatic Bodywork & Related Therapeutic Services,513502,Asian Bodywork Therapy,2017,2017,01000US,United States,04000US36,New York,5,Bachelors Degree,0,asian-bodywork-therapy,"New York County, NY",05000US36061,new-york-county-ny
50,Visual & Performing Arts,5009,Music,500908,Voice & Opera,2017,2017,01000US,United States,04000US36,New York,5,Bachelors Degree,36,voice-opera,"New York County, NY",05000US36061,new-york-county-ny
26,Biology,2613,"Ecology, Evolution, Systematics, & Population Biology",261301,Ecology,2017,2017,01000US,United States,04000US36,New York,5,Bachelors Degree,45,ecology,"New York County, NY",05000US36061,new-york-county-ny
14,Engineering,1408,Civil Engineering,140801,General Civil Engineering,2017,2017,01000US,United States,04000US36,New York,5,Bachelors Degree,139,general-civil-engineering,"New York County, NY",05000US36061,new-york-county-ny
26,Biology,2612,Biotechnology,261201,Biotechnology,2017,2017,01000US,United States,04000US36,New York,5,Bachelors Degree,2,biotechnology-6,"New York County, NY",05000US36061,new-york-county-ny
14,Engineering,1409,Computer Engineering,140901,General Computer Engineering,2017,2017,01000US,United States,04000US36,New York,5,Bachelors Degree,88,general-computer-engineering,"New York County, NY",05000US36061,new-york-county-ny
51,Health,5123,Rehabilitation & Therapeutic Professions,512308,Physical Therapy,2017,2017,01000US,United States,04000US36,New York,5,Bachelors Degree,0,physical-therapy,"New York County, NY",05000US36061,new-york-county-ny
26,Biology,2609,Physiology & Pathology,260903,Cell Physiology,2017,2017,01000US,United States,04000US36,New York,5,Bachelors Degree,0,cell-physiology,"New York County, NY",05000US36061,new-york-county-ny
26,Biology,2604,Cellular Biology & Anatomical Sciences,260407,Cell Biology & Anatomy,2017,2017,01000US,United States,04000US36,New York,5,Bachelors Degree,0,cell-biology-anatomy,"New York County, NY",05000US36061,new-york-county-ny
14,Engineering,1410,Electrical Engineering,141001,Electrical & Electronics Engineering,2017,2017,01000US,United States,04000US36,New York,5,Bachelors Degree,216,electrical-electronics-engineering,"New York County, NY",05000US36061,new-york-county-ny
26,Biology,2604,Cellular Biology & Anatomical Sciences,260406,Cellular & Molecular Biology,2017,2017,01000US,United States,04000US36,New York,5,Bachelors Degree,23,cellular-molecular-biology,"New York County, NY",05000US36061,new-york-county-ny
14,Engineering,1411,Engineering Mechanics,141101,Engineering Mechanics,2017,2017,01000US,United States,04000US36,New York,5,Bachelors Degree,0,engineering-mechanics-6,"New York County, NY",05000US36061,new-york-county-ny
51,Health,5122,Public Health,512207,Public Health Education & Promotion,2017,2017,01000US,United States,04000US36,New York,5,Bachelors Degree,16,public-health-education-promotion,"New York County, NY",05000US36061,new-york-county-ny
26,Biology,2602,"Biochemistry, Biophysics, & Molecular Biology",260210,Biochemistry & Molecular Biology,2017,2017,01000US,United States,04000US36,New York,5,Bachelors Degree,10,biochemistry-molecular-biology,"New York County, NY",05000US36061,new-york-county-ny
26,Biology,2602,"Biochemistry, Biophysics, & Molecular Biology",260204,Molecular Biology,2017,2017,01000US,United States,04000US36,New York,5,Bachelors Degree,5,molecular-biology,"New York County, NY",05000US36061,new-york-county-ny
14,Engineering,1412,Engineering Physics,141201,Engineering Physics & Applied Physics,2017,2017,01000US,United States,04000US36,New York,5,Bachelors Degree,17,engineering-physics-applied-physics,"New York County, NY",05000US36061,new-york-county-ny
50,Visual & Performing Arts,5009,Music,500910,Jazz & Jazz Studies,2017,2017,01000US,United States,04000US36,New York,5,Bachelors Degree,84,jazz-jazz-studies,"New York County, NY",05000US36061,new-york-county-ny
14,Engineering,1414,Environmental Engineering,141401,Environmental Health Engineering,2017,2017,01000US,United States,04000US36,New York,5,Bachelors Degree,34,environmental-health-engineering,"New York County, NY",05000US36061,new-york-county-ny
51,Health,5122,Public Health,512202,Environmental Health,2017,2017,01000US,United States,04000US36,New York,5,Bachelors Degree,0,environmental-health,"New York County, NY",05000US36061,new-york-county-ny
51,Health,5122,Public Health,512201,General Public Health,2017,2017,01000US,United States,04000US36,New York,5,Bachelors Degree,87,general-public-health,"New York County, NY",05000US36061,new-york-county-ny
26,Biology,2602,"Biochemistry, Biophysics, & Molecular Biology",260203,Biophysics,2017,2017,01000US,United States,04000US36,New York,5,Bachelors Degree,5,biophysics,"New York County, NY",05000US36061,new-york-county-ny
14,Engineering,1419,Mechanical Engineering,141901,Mechanical Engineering,2017,2017,01000US,United States,04000US36,New York,5,Bachelors Degree,261,mechanical-engineering-6,"New York County, NY",05000US36061,new-york-county-ny
26,Biology,2602,"Biochemistry, Biophysics, & Molecular Biology",260202,Biochemistry,2017,2017,01000US,United States,04000US36,New York,5,Bachelors Degree,94,biochemistry,"New York County, NY",05000US36061,new-york-county-ny
50,Visual & Performing Arts,5009,Music,500911,Stringed Instruments,2017,2017,01000US,United States,04000US36,New York,5,Bachelors Degree,57,stringed-instruments,"New York County, NY",05000US36061,new-york-county-ny
14,Engineering,1420,Metallurgical Engineering,142001,Metallurgical Engineering,2017,2017,01000US,United States,04000US36,New York,5,Bachelors Degree,0,metallurgical-engineering-6,"New York County, NY",05000US36061,new-york-county-ny
51,Health,5111,Medical Preparatory Programs,511109,Pre-Physical Therapy Studies,2017,2017,01000US,United States,04000US36,New York,5,Bachelors Degree,0,pre-physical-therapy-studies,"New York County, NY",05000US36061,new-york-county-ny
26,Biology,2601,General Biology,260102,General Biomedical Sciences,2017,2017,01000US,United States,04000US36,New York,5,Bachelors Degree,129,general-biomedical-sciences,"New York County, NY",05000US36061,new-york-county-ny
14,Engineering,1421,Mining & Mineral Engineering,142101,Mining & Mineral Engineering,2017,2017,01000US,United States,04000US36,New York,5,Bachelors Degree,0,mining-mineral-engineering-6,"New York County, NY",05000US36061,new-york-county-ny
26,Biology,2601,General Biology,260101,General Biological Sciences,2017,2017,01000US,United States,04000US36,New York,5,Bachelors Degree,729,general-biological-sciences,"New York County, NY",05000US36061,new-york-county-ny
14,Engineering,1433,Construction Engineering,143301,Construction Engineering,2017,2017,01000US,United States,04000US36,New York,5,Bachelors Degree,9,construction-engineering-6,"New York County, NY",05000US36061,new-york-county-ny
50,Visual & Performing Arts,5009,Music,500913,Music Technology,2017,2017,01000US,United States,04000US36,New York,5,Bachelors Degree,18,music-technology,"New York County, NY",05000US36061,new-york-county-ny
24,Liberal Arts & Humanities,2401,Liberal Arts & Sciences,240199,"Other Liberal Arts & Sciences, General Studies, & Humanities",2017,2017,01000US,United States,04000US36,New York,5,Bachelors Degree,28,other-liberal-arts-sciences-general-studies-humanities,"New York County, NY",05000US36061,new-york-county-ny
14,Engineering,1435,Industrial Engineering,143501,Industrial Engineering,2017,2017,01000US,United States,04000US36,New York,5,Bachelors Degree,6,industrial-engineering-6,"New York County, NY",05000US36061,new-york-county-ny
51,Health,5111,Medical Preparatory Programs,511108,Pre-Optometry Studies,2017,2017,01000US,United States,04000US36,New York,5,Bachelors Degree,0,pre-optometry-studies,"New York County, NY",05000US36061,new-york-county-ny
24,Liberal Arts & Humanities,2401,Liberal Arts & Sciences,240103,Humanistic Studies,2017,2017,01000US,United States,04000US36,New York,5,Bachelors Degree,95,humanistic-studies,"New York County, NY",05000US36061,new-york-county-ny
14,Engineering,1437,Operations Research,143701,Operations Research,2017,2017,01000US,United States,04000US36,New York,5,Bachelors Degree,83,operations-research-6,"New York County, NY",05000US36061,new-york-county-ny
50,Visual & Performing Arts,5009,Music,500914,Brass Instruments,2017,2017,01000US,United States,04000US36,New York,5,Bachelors Degree,12,brass-instruments,"New York County, NY",05000US36061,new-york-county-ny
24,Liberal Arts & Humanities,2401,Liberal Arts & Sciences,240102,General Studies,2017,2017,01000US,United States,04000US36,New York,5,Bachelors Degree,0,general-studies,"New York County, NY",05000US36061,new-york-county-ny
14,Engineering,1499,Other Engineering Studies,149999,Other Engineering,2017,2017,01000US,United States,04000US36,New York,5,Bachelors Degree,0,other-engineering,"New York County, NY",05000US36061,new-york-county-ny
24,Liberal Arts & Humanities,2401,Liberal Arts & Sciences,240101,Liberal Arts & Sciences,2017,2017,01000US,United States,04000US36,New York,5,Bachelors Degree,856,liberal-arts-sciences-6,"New York County, NY",05000US36061,new-york-county-ny
15,Engineering Technologies,1503,Electrical Engineering Technologies,150303,"Electrical, Electronic, & Communications Engineering Technology",2017,2017,01000US,United States,04000US36,New York,5,Bachelors Degree,11,electrical-electronic-communications-engineering-technology,"New York County, NY",05000US36061,new-york-county-ny
51,Health,5111,Medical Preparatory Programs,511107,Pre-Occupational Therapy Studies,2017,2017,01000US,United States,04000US36,New York,5,Bachelors Degree,0,pre-occupational-therapy-studies,"New York County, NY",05000US36061,new-york-county-ny
50,Visual & Performing Arts,5009,Music,500915,Woodwind Instruments,2017,2017,01000US,United States,04000US36,New York,5,Bachelors Degree,9,woodwind-instruments,"New York County, NY",05000US36061,new-york-county-ny
23,English,2314,Literature,231404,British & Commonwealth English Literature,2017,2017,01000US,United States,04000US36,New York,5,Bachelors Degree,133,british-commonwealth-english-literature,"New York County, NY",05000US36061,new-york-county-ny
15,Engineering Technologies,1503,Electrical Engineering Technologies,150305,Telecommunications Technology,2017,2017,01000US,United States,04000US36,New York,5,Bachelors Degree,20,telecommunications-technology,"New York County, NY",05000US36061,new-york-county-ny
23,English,2314,Literature,231401,General Literature,2017,2017,01000US,United States,04000US36,New York,5,Bachelors Degree,66,general-literature,"New York County, NY",05000US36061,new-york-county-ny
15,Engineering Technologies,1504,Electromechanical Instrumentation & Maintenance Technologies,150401,Biomedical Technology,2017,2017,01000US,United States,04000US36,New York,5,Bachelors Degree,17,biomedical-technology,"New York County, NY",05000US36061,new-york-county-ny
15,Engineering Technologies,1504,Electromechanical Instrumentation & Maintenance Technologies,150403,Electromechanical Technology,2017,2017,01000US,United States,04000US36,New York,5,Bachelors Degree,0,electromechanical-technology,"New York County, NY",05000US36061,new-york-county-ny
50,Visual & Performing Arts,5009,Music,500916,Percussion Instruments,2017,2017,01000US,United States,04000US36,New York,5,Bachelors Degree,5,percussion-instruments,"New York County, NY",05000US36061,new-york-county-ny
15,Engineering Technologies,1512,Computer Engineering Technologies,151201,Computer Engineering Technology,2017,2017,01000US,United States,04000US36,New York,5,Bachelors Degree,10,computer-engineering-technology,"New York County, NY",05000US36061,new-york-county-ny
15,Engineering Technologies,1515,Engineering-Related Fields,151501,Engineering & Industrial Management,2017,2017,01000US,United States,04000US36,New York,5,Bachelors Degree,26,engineering-industrial-management,"New York County, NY",05000US36061,new-york-county-ny
51,Health,5110,Medical Laboratory Research & Allied Professions,511005,Clinical Laboratory Technologist,2017,2017,01000US,United States,04000US36,New York,5,Bachelors Degree,42,clinical-laboratory-technologist,"New York County, NY",05000US36061,new-york-county-ny
23,English,2313,Rhetoric & Composition,231304,Rhetoric & Composition,2017,2017,01000US,United States,04000US36,New York,5,Bachelors Degree,0,rhetoric-composition-6,"New York County, NY",05000US36061,new-york-county-ny
23,English,2313,Rhetoric & Composition,231303,"Professional, Technical, Business, & Scientific Writing",2017,2017,01000US,United States,04000US36,New York,5,Bachelors Degree,10,professional-technical-business-scientific-writing,"New York County, NY",05000US36061,new-york-county-ny
16,Language & Linguistics,1601,"Linguistic, Comparative, & Related Language Studies",160101,General Foreign Languages & Literatures,2017,2017,01000US,United States,04000US36,New York,5,Bachelors Degree,5,general-foreign-languages-literatures,"New York County, NY",05000US36061,new-york-county-ny
50,Visual & Performing Arts,5010,"Arts, Entertainment, & Media Management",501002,Fine & Studio Arts Management,2017,2017,01000US,United States,04000US36,New York,5,Bachelors Degree,191,fine-studio-arts-management,"New York County, NY",05000US36061,new-york-county-ny
16,Language & Linguistics,1601,"Linguistic, Comparative, & Related Language Studies",160102,Linguistics,2017,2017,01000US,United States,04000US36,New York,5,Bachelors Degree,15,linguistics,"New York County, NY",05000US36061,new-york-county-ny
51,Health,5109,"Allied Diagnostic, Intervention, & Treatment Professions",510912,Physician Assistant,2017,2017,01000US,United States,04000US36,New York,5,Bachelors Degree,26,physician-assistant,"New York County, NY",05000US36061,new-york-county-ny
23,English,2313,Rhetoric & Composition,231302,Creative Writing,2017,2017,01000US,United States,04000US36,New York,5,Bachelors Degree,33,creative-writing,"New York County, NY",05000US36061,new-york-county-ny
23,English,2301,General English Language & Literature,230101,General English Language & Literature,2017,2017,01000US,United States,04000US36,New York,5,Bachelors Degree,666,general-english-language-literature-6,"New York County, NY",05000US36061,new-york-county-ny
16,Language & Linguistics,1601,"Linguistic, Comparative, & Related Language Studies",160104,Comparative Literature,2017,2017,01000US,United States,04000US36,New York,5,Bachelors Degree,53,comparative-literature,"New York County, NY",05000US36061,new-york-county-ny
50,Visual & Performing Arts,5010,"Arts, Entertainment, & Media Management",501004,Theatre Arts Management,2017,2017,01000US,United States,04000US36,New York,5,Bachelors Degree,69,theatre-arts-management,"New York County, NY",05000US36061,new-york-county-ny
16,Language & Linguistics,1603,"East Asian Languages, Literatures, & Linguistics",160301,Chinese Language & Literature,2017,2017,01000US,United States,04000US36,New York,5,Bachelors Degree,29,chinese-language-literature,"New York County, NY",05000US36061,new-york-county-ny
51,Health,5107,Health & Medical Administrative Services,510706,Health Information & Medical Records Administration,2017,2017,01000US,United States,04000US36,New York,5,Bachelors Degree,23,health-information-medical-records-administration,"New York County, NY",05000US36061,new-york-county-ny
22,Legal,2299,Other Legal Professional Studies,229999,Other Legal Professions & Studies,2017,2017,01000US,United States,04000US36,New York,5,Bachelors Degree,34,other-legal-professions-studies,"New York County, NY",05000US36061,new-york-county-ny
22,Legal,2200,Undergraduate Non-Professional General Legal Studies,220001,Pre-Law Studies,2017,2017,01000US,United States,04000US36,New York,5,Bachelors Degree,14,pre-law-studies,"New York County, NY",05000US36061,new-york-county-ny
16,Language & Linguistics,1604,"Slavic, Baltic, & Albanian Languages, Literatures, & Linguistics",160400,"General Slavic Languages, Literatures, & Linguistics",2017,2017,01000US,United States,04000US36,New York,5,Bachelors Degree,7,general-slavic-languages-literatures-linguistics,"New York County, NY",05000US36061,new-york-county-ny
51,Health,5107,Health & Medical Administrative Services,510702,Hospital & Health Care Facilities Management,2017,2017,01000US,United States,04000US36,New York,5,Bachelors Degree,74,hospital-health-care-facilities-management,"New York County, NY",05000US36061,new-york-county-ny
22,Legal,2200,Undergraduate Non-Professional General Legal Studies,220000,General Legal Studies,2017,2017,01000US,United States,04000US36,New York,5,Bachelors Degree,109,general-legal-studies,"New York County, NY",05000US36061,new-york-county-ny
50,Visual & Performing Arts,5099,Other Visual & Performing Arts,509999,Other Visual & Performing Arts,2017,2017,01000US,United States,04000US36,New York,5,Bachelors Degree,138,other-visual-performing-arts-6,"New York County, NY",05000US36061,new-york-county-ny
16,Language & Linguistics,1604,"Slavic, Baltic, & Albanian Languages, Literatures, & Linguistics",160402,Russian Language & Literature,2017,2017,01000US,United States,04000US36,New York,5,Bachelors Degree,14,russian-language-literature,"New York County, NY",05000US36061,new-york-county-ny
19,Human Sciences,1909,Apparel & Textiles,190902,Apparel & Textile Manufacture,2017,2017,01000US,United States,04000US36,New York,5,Bachelors Degree,58,apparel-textile-manufacture,"New York County, NY",05000US36061,new-york-county-ny
16,Language & Linguistics,1605,"Germanic Languages, Literatures, & Linguistics",160500,"General Germanic Languages, Literatures, & Linguistics",2017,2017,01000US,United States,04000US36,New York,5,Bachelors Degree,0,general-germanic-languages-literatures-linguistics,"New York County, NY",05000US36061,new-york-county-ny
51,Health,5107,Health & Medical Administrative Services,510701,Health Care Administration & Management,2017,2017,01000US,United States,04000US36,New York,5,Bachelors Degree,83,health-care-administration-management,"New York County, NY",05000US36061,new-york-county-ny
19,Human Sciences,1905,"Foods, Nutrition, & Related Services",190501,"General Food, Nutrition, & Wellness Studies",2017,2017,01000US,United States,04000US36,New York,5,Bachelors Degree,26,general-food-nutrition-wellness-studies,"New York County, NY",05000US36061,new-york-county-ny
16,Language & Linguistics,1605,"Germanic Languages, Literatures, & Linguistics",160501,German Language & Literature,2017,2017,01000US,United States,04000US36,New York,5,Bachelors Degree,21,german-language-literature,"New York County, NY",05000US36061,new-york-county-ny
51,Health,5100,General Allied Health & Health Sciences,510000,General Health Services,2017,2017,01000US,United States,04000US36,New York,5,Bachelors Degree,272,general-health-services,"New York County, NY",05000US36061,new-york-county-ny
16,Language & Linguistics,1699,"Other Foreign Languages, Literature, & Linguistic Studies",169999,"Other Foreign Languages, Literatures, & Linguistics",2017,2017,01000US,United States,04000US36,New York,5,Bachelors Degree,0,other-foreign-languages-literatures-linguistics,"New York County, NY",05000US36061,new-york-county-ny
16,Language & Linguistics,1605,"Germanic Languages, Literatures, & Linguistics",160599,"Other Germanic Languages, Literatures, & Linguistics",2017,2017,01000US,United States,04000US36,New York,5,Bachelors Degree,0,other-germanic-languages-literatures-linguistics,"New York County, NY",05000US36061,new-york-county-ny
51,Health,5106,Dental Support Services,510602,Dental Hygiene,2017,2017,01000US,United States,04000US36,New York,5,Bachelors Degree,14,dental-hygiene,"New York County, NY",05000US36061,new-york-county-ny
16,Language & Linguistics,1612,"Classical Languages, Literatures, & Linguistics",161299,"Other Classical Languages, Literature, & Linguistics",2017,2017,01000US,United States,04000US36,New York,5,Bachelors Degree,0,other-classical-languages-literature-linguistics,"New York County, NY",05000US36061,new-york-county-ny
16,Language & Linguistics,1609,"Romance Languages, Literatures, & Linguistics",160900,"General Romance Languages, Literatures, & Linguistics",2017,2017,01000US,United States,04000US36,New York,5,Bachelors Degree,32,general-romance-languages-literatures-linguistics,"New York County, NY",05000US36061,new-york-county-ny
16,Language & Linguistics,1612,"Classical Languages, Literatures, & Linguistics",161203,Latin Language & Literature,2017,2017,01000US,United States,04000US36,New York,5,Bachelors Degree,1,latin-language-literature,"New York County, NY",05000US36061,new-york-county-ny
51,Health,5100,General Allied Health & Health Sciences,510001,General Health & Wellness,2017,2017,01000US,United States,04000US36,New York,5,Bachelors Degree,0,general-health-wellness,"New York County, NY",05000US36061,new-york-county-ny
16,Language & Linguistics,1609,"Romance Languages, Literatures, & Linguistics",160901,French Language & Literature,2017,2017,01000US,United States,04000US36,New York,5,Bachelors Degree,47,french-language-literature,"New York County, NY",05000US36061,new-york-county-ny
51,Health,5102,Communication Disorders Sciences & Services,510204,Audiology & Speech-Language Pathology,2017,2017,01000US,United States,04000US36,New York,5,Bachelors Degree,52,audiology-speech-language-pathology,"New York County, NY",05000US36061,new-york-county-ny
16,Language & Linguistics,1612,"Classical Languages, Literatures, & Linguistics",161202,Ancient/Classical Greek Language & Literature,2017,2017,01000US,United States,04000US36,New York,5,Bachelors Degree,0,ancientclassical-greek-language-literature,"New York County, NY",05000US36061,new-york-county-ny
16,Language & Linguistics,1609,"Romance Languages, Literatures, & Linguistics",160902,Italian Language & Literature,2017,2017,01000US,United States,04000US36,New York,5,Bachelors Degree,10,italian-language-literature,"New York County, NY",05000US36061,new-york-county-ny
16,Language & Linguistics,1612,"Classical Languages, Literatures, & Linguistics",161200,"General Classical Language, Literature, & Linguistics",2017,2017,01000US,United States,04000US36,New York,5,Bachelors Degree,26,general-classical-language-literature-linguistics,"New York County, NY",05000US36061,new-york-county-ny
51,Health,5102,Communication Disorders Sciences & Services,510201,General Communication Sciences & Disorders,2017,2017,01000US,United States,04000US36,New York,5,Bachelors Degree,18,general-communication-sciences-disorders,"New York County, NY",05000US36061,new-york-county-ny
16,Language & Linguistics,1609,"Romance Languages, Literatures, & Linguistics",160904,Portuguese Language & Literature,2017,2017,01000US,United States,04000US36,New York,5,Bachelors Degree,1,portuguese-language-literature,"New York County, NY",05000US36061,new-york-county-ny
51,Health,5102,Communication Disorders Sciences & Services,510203,Speech-Language Pathology,2017,2017,01000US,United States,04000US36,New York,5,Bachelors Degree,0,speech-language-pathology,"New York County, NY",05000US36061,new-york-county-ny
16,Language & Linguistics,1611,"Middle Eastern & Semitic Languages, Literatures, & Linguistics",161199,"Other Middle/Near Eastern & Semetic Languages, Literatures, & Linguistics",2017,2017,01000US,United States,04000US36,New York,5,Bachelors Degree,24,other-middlenear-eastern-semetic-languages-literatures-linguistics,"New York County, NY",05000US36061,new-york-county-ny
16,Language & Linguistics,1609,"Romance Languages, Literatures, & Linguistics",160905,Spanish Language & Literature,2017,2017,01000US,United States,04000US36,New York,5,Bachelors Degree,86,spanish-language-literature,"New York County, NY",05000US36061,new-york-county-ny
51,Health,5102,Communication Disorders Sciences & Services,510202,Audiology,2017,2017,01000US,United States,04000US36,New York,5,Bachelors Degree,0,audiology,"New York County, NY",05000US36061,new-york-county-ny
16,Language & Linguistics,1611,"Middle Eastern & Semitic Languages, Literatures, & Linguistics",161102,Hebrew Language & Literature,2017,2017,01000US,United States,04000US36,New York,5,Bachelors Degree,1,hebrew-language-literature,"New York County, NY",05000US36061,new-york-county-ny